insert into kpi_administracion (fecha,responsable,pedidos_entregados,pedidos_entregados_a_tiempo,pedidos_completos,pedidos_otif,remitos_pendientes,cambios_estado_pendientes) values
('2026-05-15','Demo',95,88,91,84,9,6),('2026-05-16','Demo',105,94,99,91,7,4),('2026-05-17','Demo',87,78,83,74,11,8),('2026-05-18','Demo',112,103,107,99,5,3),('2026-05-19','Demo',108,100,103,96,6,2),('2026-05-20','Demo',120,109,115,105,8,5),('2026-05-21','Demo',89,76,84,72,13,7);
insert into kpi_deposito (fecha,responsable,pedidos_a_preparar,pedidos_preparados,pedidos_pendientes,posiciones_ocupadas,posiciones_totales,incidencias_abiertas,incidencias_cerradas) values
('2026-05-15','Demo',120,112,22,3680,5000,6,16),('2026-05-16','Demo',130,124,18,3710,5000,5,18),('2026-05-17','Demo',115,103,27,3745,5000,8,13),('2026-05-18','Demo',142,135,16,3810,5000,4,20),('2026-05-19','Demo',136,129,17,3840,5000,6,19),('2026-05-20','Demo',148,139,20,3890,5000,7,21),('2026-05-21','Demo',126,110,38,3925,5000,11,15);
insert into kpi_transporte (fecha,responsable,viajes_programados,viajes_realizados,viajes_demorados,viajes_cumplidos,costo_transporte,facturacion_despachada) values
('2026-05-15','Demo',8,8,1,7,950000,14500000),('2026-05-16','Demo',9,9,1,8,1010000,15800000),('2026-05-17','Demo',7,7,2,5,880000,12200000),('2026-05-18','Demo',10,10,1,9,1120000,17600000),('2026-05-19','Demo',9,9,1,8,1060000,16600000),('2026-05-20','Demo',11,11,2,9,1320000,19100000),('2026-05-21','Demo',8,8,2,6,990000,13900000);
insert into kpi_inventario (fecha,responsable,skus_controlados,skus_con_diferencia,unidades_teoricas,unidades_fisicas,diferencias_detectadas,diferencias_resueltas) values
('2026-05-15','Demo',80,3,5900,5878,3,2),('2026-05-16','Demo',92,4,6200,6172,4,4),('2026-05-17','Demo',75,5,5100,5062,5,3),('2026-05-18','Demo',100,2,7300,7289,2,2),('2026-05-19','Demo',86,3,6800,6775,3,3),('2026-05-20','Demo',95,3,7100,7078,3,3),('2026-05-21','Demo',72,5,5300,5261,5,2);
